name,feature_importance,p_val,corr,corr_kendal,support,MutualInfoTarget,raw_name,F.Split-Lift (y==1),F.Split-Support,F.Split-Target % Covered,F.Split-Feature Split,feature_name,cui_nomenclature,feature_level_min_kg_hits,feature_level_sum_kg_hits,sim_score
Urate,0.80951,0.0,0.214,0.175,1,0.0667,Urate,4.68,1792,9.15,2.10 <= Urate < 2.90,Urate,Urate,0,0,0.0
Treatment/medication code | Array 0 allopurinol,0.30571,0.0,0.392,0.392,1,0.04136,Treatment/medication code | Array 0__allopurinol,6.97,3425,26.06,Treatment/medication code | Array 0__allopurinol >= 0.50,Treatment/medication code | Array 0 allopurinol,Treatment/medication code | Array 0 allopurinol,0,0,0.0
Hip circumference,0.09536,0.0,0.022,0.018,1,0.00228,Hip circumference,1.21,1302,1.73,2.80 <= Hip circumference < 4.50,Hip circumference,Hip circumference,0,0,0.0
Number of self-reported non-cancer illnesses,0.0883,0.0,0.138,0.121,1,0.0101,Number of self-reported non-cancer illnesses,2.36,1149,2.96,Number of self-reported non-cancer illnesses >= 3.00,Number of self-reported non-cancer illnesses,Number of self-reported non-cancer illnesses,0,0,0.0
"Medication for cholesterol, blood pressure or diabetes Medication_None",0.08639,0.0,-0.032,-0.032,1,0.00052,"Medication for cholesterol, blood pressure or diabetes Medication_None",1.05,71609,82.11,"Medication for cholesterol, blood pressure or diabetes Medication_None < 0.50","Medication for cholesterol, blood pressure or diabetes Medication_None","Medication for cholesterol, blood pressure or diabetes Medication_None",0,0,0.0
Number of treatments/medications taken,0.0825,0.0,0.136,0.118,1,0.01001,Number of treatments/medications taken,2.16,4076,9.62,Number of treatments/medications taken >= 2.00,Number of treatments/medications taken,Number of treatments/medications taken,0,0,0.0
Home area population density - urban or rural_Scotland - Large Urban Area,0.08043,0.0,-0.052,-0.052,1,0.00179,Home area population density - urban or rural_Scotland - Large Urban Area,1.04,87079,98.46,Home area population density - urban or rural_Scotland - Large Urban Area < 0.50,Home area population density - urban or rural_Scotland - Large Urban Area,Home area population density - urban or rural_Scotland - Large Urban Area,0,0,0.0
"Non-cancer illness code, self-reported | Array 1 gout",0.06038,0.0,0.223,0.223,1,0.01317,"Non-cancer illness code, self-reported | Array 1__gout",6.78,1215,9.0,"Non-cancer illness code, self-reported | Array 1__gout >= 0.50","Non-cancer illness code, self-reported | Array 1 gout","Non-cancer illness code, self-reported | Array 1 gout",0,0,0.0
Apolipoprotein A Blood biochemistry,0.05398,0.01266,-0.012,-0.01,1,0.01019,Apolipoprotein A Blood biochemistry,1.15,7980,10.0,-2.10 <= Apolipoprotein A Blood biochemistry < -1.20,Apolipoprotein A Blood biochemistry,Apolipoprotein A Blood biochemistry,0,0,0.0
Water intake,0.04826,0.0,0.056,0.049,1,0.00186,Water intake,1.33,8123,11.8,1.30 <= Water intake < 9.70,Water intake,Water intake,0,0,0.0
Vascular/heart problems diagnosed by doctor_None of the above,0.04797,0.0,-0.115,-0.115,1,0.0066,Vascular/heart problems diagnosed by doctor_None of the above,1.38,41874,62.89,Vascular/heart problems diagnosed by doctor_None of the above < 0.50,Vascular/heart problems diagnosed by doctor_None of the above,Vascular/heart problems diagnosed by doctor_None of the above,0,0,0.0
"Medication for cholesterol, blood pressure or diabetes_None",0.0477,0.0,-0.032,-0.032,1,0.00052,"Medication for cholesterol, blood pressure or diabetes_None",1.05,71609,82.11,"Medication for cholesterol, blood pressure or diabetes_None < 0.50","Medication for cholesterol, blood pressure or diabetes_None","Medication for cholesterol, blood pressure or diabetes_None",0,0,0.0
Arm fat percentage (left),0.04672,0.20268,0.016,0.013,1,0.00409,Arm fat percentage (left),1.18,16282,20.9,-0.01 <= Arm fat percentage (left) < 0.61,Arm fat percentage (left),Arm fat percentage (left),0,0,0.0
LDL direct Blood biochemistry,0.04578,0.0,-0.06,-0.049,1,0.02966,LDL direct Blood biochemistry,1.34,9470,13.9,-2.70 <= LDL direct Blood biochemistry < -1.30,LDL direct Blood biochemistry,LDL direct Blood biochemistry,0,0,0.0
Alcohol intake frequency._Daily or almost daily,0.04239,0.0,0.057,0.057,1,0.00151,Alcohol intake frequency._Daily or almost daily,1.31,21296,30.42,Alcohol intake frequency._Daily or almost daily >= 0.50,Alcohol intake frequency._Daily or almost daily,Alcohol intake frequency._Daily or almost daily,0,0,0.0
"Non-cancer illness code, self-reported | Array 2 gout",0.03962,0.0,0.193,0.193,1,0.0099,"Non-cancer illness code, self-reported | Array 2__gout",6.61,968,6.99,"Non-cancer illness code, self-reported | Array 2__gout >= 0.50","Non-cancer illness code, self-reported | Array 2 gout","Non-cancer illness code, self-reported | Array 2 gout",0,0,0.0
"Long-standing illness, disability or infirmity_No",0.03841,0.0,-0.087,-0.087,1,0.00378,"Long-standing illness, disability or infirmity_No",1.28,42073,58.95,"Long-standing illness, disability or infirmity_No < 0.50","Long-standing illness, disability or infirmity_No","Long-standing illness, disability or infirmity_No",0,0,0.0
"Non-cancer illness code, self-reported | Array 0 gout",0.03721,0.0,0.186,0.186,1,0.009,"Non-cancer illness code, self-reported | Array 0__gout",0.95,90778,93.9,"Non-cancer illness code, self-reported | Array 0__gout < 0.50","Non-cancer illness code, self-reported | Array 0 gout","Non-cancer illness code, self-reported | Array 0 gout",0,0,0.0
Haemoglobin concentration,0.0357,0.0,-0.01,-0.009,1,0.00637,Haemoglobin concentration,1.64,1465,2.62,-2.80 <= Haemoglobin concentration < -2.10,Haemoglobin concentration,Haemoglobin concentration,0,0,0.0
Coffee intake,0.03273,0.0,-0.049,-0.043,1,0.00143,Coffee intake,1.17,25859,33.14,-1.20 <= Coffee intake < -0.71,Coffee intake,Coffee intake,0,0,0.0
Tea intake,0.0324,0.0,-0.019,-0.017,1,0.00055,Tea intake,1.09,34107,40.48,-1.00 <= Tea intake < 0.09,Tea intake,Tea intake,0,0,0.0
Urea,0.03214,0.0,0.092,0.075,1,0.01719,Urea,2.39,1761,4.6,1.90 <= Urea < 2.70,Urea,Urea,0,0,0.0
Microalbumin in urine,0.03073,0.0,0.016,0.014,1,0.0218,Microalbumin in urine,2.64,1415,4.07,0.85 <= Microalbumin in urine < 7.50,Microalbumin in urine,Microalbumin in urine,0,0,0.0
"Long-standing illness, disability or infirmity_Yes",0.02764,0.0,0.087,0.087,1,0.00376,"Long-standing illness, disability or infirmity_Yes",1.3,39404,55.98,"Long-standing illness, disability or infirmity_Yes >= 0.50","Long-standing illness, disability or infirmity_Yes","Long-standing illness, disability or infirmity_Yes",0,0,0.0
Mental health conditions ever diagnosed by a professional group,0.02681,0.0,-0.038,-0.037,1,0.00216,Mental health conditions ever diagnosed by a professional__group,1.07,66419,77.76,Mental health conditions ever diagnosed by a professional__group < 0.01,Mental health conditions ever diagnosed by a professional group,Mental health conditions ever diagnosed by a professional group,0,0,0.0
Qualifications_None of the above,0.02662,0.0,0.032,0.032,1,0.00049,Qualifications_None of the above,1.17,21451,27.46,Qualifications_None of the above >= 0.50,Qualifications_None of the above,Qualifications_None of the above,0,0,0.0
"Non-cancer illness code, self-reported | Array 3 gout",0.02478,0.0,0.162,0.162,1,0.00684,"Non-cancer illness code, self-reported | Array 3__gout",0.96,90981,95.38,"Non-cancer illness code, self-reported | Array 3__gout < 0.50","Non-cancer illness code, self-reported | Array 3 gout","Non-cancer illness code, self-reported | Array 3 gout",0,0,0.0
Z51.5 - Palliative care,0.02407,0.70126,-0.004,-0.004,1,0.00126,Z51.5 - Palliative care,1.02,90035,99.8,-0.46 <= Z51.5 - Palliative care < 0.85,Z51.5 - Palliative care,Z51.5 - Palliative care,0,0,0.0
(MS) multiple sclerosis genetic risk,0.02267,0.00108,0.011,0.009,1,0.30669,(MS) multiple sclerosis genetic risk,1.18,2699,3.48,(MS) multiple sclerosis genetic risk >= 2.10,(MS) multiple sclerosis genetic risk,(MS) multiple sclerosis genetic risk,0,0,0.0
Z92.1 - Personal history of long-term (current) use of anticoagulants,0.0187,0.01124,0.001,0.001,1,0.00174,Z92.1 - Personal history of long-term (current) use of anticoagulants,1.66,2685,4.87,Z92.1 - Personal history of long-term (current) use of anticoagulants >= 1.30,Z92.1 - Personal history of long-term (current) use of anticoagulants,Z92.1 - Personal history of long-term (current) use of anticoagulants,0,0,0.0
Arthropathy NOS,0.0168,0.09522,-0.004,-0.004,1,0.0009,Arthropathy NOS,1.52,1456,2.41,-4.50 <= Arthropathy NOS < -1.90,Arthropathy NOS,Arthropathy NOS,0,0,0.0
Triglycerides,0.01652,0.0,0.084,0.068,1,0.03937,Triglycerides,1.92,2452,5.13,Triglycerides >= 2.50,Triglycerides,Triglycerides,0,0,0.0
Basophill count,0.01619,0.0,0.023,0.02,1,0.00087,Basophill count,1.34,2006,2.93,1.70 <= Basophill count < 5.80,Basophill count,Basophill count,0,0,0.0
"Medication for cholesterol, blood pressure or diabetes_None of the above",0.015,0.0,-0.072,-0.072,1,0.00266,"Medication for cholesterol, blood pressure or diabetes_None of the above",1.18,53208,68.74,"Medication for cholesterol, blood pressure or diabetes_None of the above < 0.50","Medication for cholesterol, blood pressure or diabetes_None of the above","Medication for cholesterol, blood pressure or diabetes_None of the above",0,0,0.0
SHBG,0.0145,0.0,-0.071,-0.058,1,0.05111,SHBG,1.68,2712,4.98,SHBG < -1.40,SHBG,SHBG,0,0,0.0
Birth weight,0.0142,0.0,-0.017,-0.015,1,0.0017,Birth weight,1.03,72146,81.36,-3.70 <= Birth weight < 0.07,Birth weight,Birth weight,0,0,0.0
Chronic renal failure [CKD],0.0137,0.06571,0.025,0.025,1,0.00266,Chronic renal failure [CKD],0.97,89920,94.89,-0.59 <= Chronic renal failure [CKD] < 0.34,Chronic renal failure [CKD],Chronic renal failure [CKD],0,0,0.0
(HDL) high density lipoprotein cholesterol genetic risk,0.01355,0.0,-0.021,-0.017,1,0.30704,(HDL) high density lipoprotein cholesterol genetic risk,1.15,7182,9.05,(HDL) high density lipoprotein cholesterol genetic risk < -1.40,(HDL) high density lipoprotein cholesterol genetic risk,(HDL) high density lipoprotein cholesterol genetic risk,0,0,0.0
Apolipoprotein A1,0.01329,0.00703,0.004,0.003,1,0.05644,Apolipoprotein A1,1.31,2405,3.43,2.40 <= Apolipoprotein A1 < 5.30,Apolipoprotein A1,Apolipoprotein A1,0,0,0.0
had_disease_past,0.013,0.0,0.122,0.122,1,0.00372,had_disease_past,0.98,91355,97.89,had_disease_past < 9.80,had_disease_past,had_disease_past,0,0,0.0
Home area population density - urban or rural_Scotland - Other Urban Area,0.01263,0.0,-0.027,-0.027,1,0.0005,Home area population density - urban or rural_Scotland - Other Urban Area,1.01,90570,99.73,Home area population density - urban or rural_Scotland - Other Urban Area < 0.50,Home area population density - urban or rural_Scotland - Other Urban Area,Home area population density - urban or rural_Scotland - Other Urban Area,0,0,0.0
(RA) rheumatoid arthritis genetic risk,0.0122,0.14243,0.003,0.003,1,0.30729,(RA) rheumatoid arthritis genetic risk,1.09,6905,8.22,1.50 <= (RA) rheumatoid arthritis genetic risk < 3.70,(RA) rheumatoid arthritis genetic risk,(RA) rheumatoid arthritis genetic risk,0,0,0.0
Essential hypertension,0.01216,0.0,-0.021,-0.019,1,0.00385,Essential hypertension,1.68,5491,10.09,-3.90 <= Essential hypertension < -1.50,Essential hypertension,Essential hypertension,0,0,0.0
Atrial fibrillation and flutter,0.01205,0.19733,-0.001,-0.001,1,0.00195,Atrial fibrillation and flutter,2.0,1394,3.05,-5.10 <= Atrial fibrillation and flutter < -1.20,Atrial fibrillation and flutter,Atrial fibrillation and flutter,0,0,0.0
Albumin,0.01157,0.07848,-0.003,-0.002,1,0.07049,Albumin,1.36,1072,1.59,Albumin < -2.80,Albumin,Albumin,0,0,0.0
Testosterone,0.01152,0.26385,-0.016,-0.013,1,0.09109,Testosterone,1.41,7043,10.86,-1.40 <= Testosterone < -0.47,Testosterone,Testosterone,0,0,0.0
Age high blood pressure diagnosed_None,0.01106,0.0,-0.112,-0.112,1,0.00612,Age high blood pressure diagnosed_None,1.41,36638,56.45,Age high blood pressure diagnosed_None < 0.50,Age high blood pressure diagnosed_None,Age high blood pressure diagnosed_None,0,0,0.0
Sex,0.01095,0.0,-0.034,-0.034,1,0.00061,Sex,1.05,72375,83.19,Sex < 0.71,Sex,Sex,0,0,0.0
Direct bilirubin,0.01077,0.0,0.032,0.027,1,0.00431,Direct bilirubin,1.29,2668,3.77,2.20 <= Direct bilirubin < 6.50,Direct bilirubin,Direct bilirubin,0,0,0.0
"Non-cancer illness code, self-reported | Array 4 gout",0.00988,0.0,0.113,0.113,1,0.00336,"Non-cancer illness code, self-reported | Array 4__gout",0.98,91252,97.58,"Non-cancer illness code, self-reported | Array 4__gout < 0.50","Non-cancer illness code, self-reported | Array 4 gout","Non-cancer illness code, self-reported | Array 4 gout",0,0,0.0
(CVD) cardiovascular disease genetic risk,0.00967,0.0,0.028,0.022,1,0.30754,(CVD) cardiovascular disease genetic risk,1.09,30971,37.0,0.38 <= (CVD) cardiovascular disease genetic risk < 3.00,(CVD) cardiovascular disease genetic risk,(CVD) cardiovascular disease genetic risk,0,0,0.0
(HT) hypertension genetic risk,0.00913,0.0,0.035,0.029,1,0.30736,(HT) hypertension genetic risk,1.23,10112,13.62,(HT) hypertension genetic risk >= 1.20,(HT) hypertension genetic risk,(HT) hypertension genetic risk,0,0,0.0
(T2D) type 2 diabetes genetic risk,0.00908,0.0,0.02,0.016,1,0.30711,(T2D) type 2 diabetes genetic risk,1.11,10538,12.8,(T2D) type 2 diabetes genetic risk >= 1.20,(T2D) type 2 diabetes genetic risk,(T2D) type 2 diabetes genetic risk,0,0,0.0
Treatment/medication code | Array 0 aspirin,0.00843,0.0,-0.018,-0.018,1,0.0002,Treatment/medication code | Array 0__aspirin,1.02,76105,85.14,Treatment/medication code | Array 0__aspirin < 0.12,Treatment/medication code | Array 0 aspirin,Treatment/medication code | Array 0 aspirin,0,0,0.0
Type 2 diabetes,0.00825,0.62051,0.001,0.001,1,0.00083,Type 2 diabetes,1.44,937,1.47,Type 2 diabetes < -4.70,Type 2 diabetes,Type 2 diabetes,0,0,0.0
(AMD) age-related macular degeneration genetic risk,0.00818,0.1648,0.005,0.004,1,0.30663,(AMD) age-related macular degeneration genetic risk,1.09,6753,8.01,-1.20 <= (AMD) age-related macular degeneration genetic risk < -0.88,(AMD) age-related macular degeneration genetic risk,(AMD) age-related macular degeneration genetic risk,0,0,0.0
Date of all cause dementia report,0.00806,1e-05,-0.023,-0.023,1,0.0019,Date of all cause dementia report,1.0,91105,98.98,-5.20 <= Date of all cause dementia report < 1.10,Date of all cause dementia report,Date of all cause dementia report,0,0,0.0
Neuroticism score,0.0076,0.25363,0.003,0.003,1,0.00015,Neuroticism score,1.13,6228,7.68,0.23 <= Neuroticism score < 0.58,Neuroticism score,Neuroticism score,0,0,0.0
Congestive heart failure (CHF) NOS,0.00744,0.06995,0.007,0.007,1,0.00159,Congestive heart failure (CHF) NOS,0.98,90159,96.12,-0.20 <= Congestive heart failure (CHF) NOS < 0.76,Congestive heart failure (CHF) NOS,Congestive heart failure (CHF) NOS,0,0,0.0
"N18.3 - Chronic kidney disease, stage 3",0.00732,0.17868,0.012,0.012,1,0.00113,"N18.3 - Chronic kidney disease, stage 3",0.98,90180,96.5,"-0.83 <= N18.3 - Chronic kidney disease, stage 3 < 1.20","N18.3 - Chronic kidney disease, stage 3","N18.3 - Chronic kidney disease, stage 3",0,0,0.0
Treatment/medication code | Array 0 tablet,0.0071,0.00102,-0.008,-0.008,1,0.00098,Treatment/medication code | Array 0__tablet,1.06,2375,2.75,0.26 <= Treatment/medication code | Array 0__tablet < 0.41,Treatment/medication code | Array 0 tablet,Treatment/medication code | Array 0 tablet,0,0,0.0
Age diabetes diagnosed,0.00675,1e-05,0.027,0.026,1,0.00122,Age diabetes diagnosed,1.52,1339,2.23,Age diabetes diagnosed >= 2.50,Age diabetes diagnosed,Age diabetes diagnosed,0,0,0.0
Z53.8 - Procedure not carried out for other reasons,0.0067,0.14778,-0.006,-0.006,1,0.00032,Z53.8 - Procedure not carried out for other reasons,1.47,1325,2.13,-5.30 <= Z53.8 - Procedure not carried out for other reasons < -0.68,Z53.8 - Procedure not carried out for other reasons,Z53.8 - Procedure not carried out for other reasons,0,0,0.0
Mental health conditions ever diagnosed by a professional group group,0.00622,0.0,-0.036,-0.035,1,0.00098,Mental health conditions ever diagnosed by a professional__group group,1.06,68835,79.89,Mental health conditions ever diagnosed by a professional__group group < 0.03,Mental health conditions ever diagnosed by a professional group group,Mental health conditions ever diagnosed by a professional group group,0,0,0.0
Acetone,0.00621,0.0,0.024,0.021,1,0.08163,Acetone,1.36,2195,3.26,2.40 <= Acetone < 10.00,Acetone,Acetone,0,0,0.0
Townsend deprivation index at recruitment,0.00607,0.0,0.025,0.02,1,0.00937,Townsend deprivation index at recruitment,1.19,10276,13.4,1.40 <= Townsend deprivation index at recruitment < 2.90,Townsend deprivation index at recruitment,Townsend deprivation index at recruitment,0,0,0.0
Total protein,0.00594,0.0,0.039,0.032,1,0.01649,Total protein,1.47,941,1.51,Total protein >= 2.70,Total protein,Total protein,0,0,0.0
"Medication for cholesterol, blood pressure, diabetes, or take exogenous hormones_None",0.00588,0.0,0.035,0.035,1,0.00063,"Medication for cholesterol, blood pressure, diabetes, or take exogenous hormones_None",1.05,72610,83.49,"Medication for cholesterol, blood pressure, diabetes, or take exogenous hormones_None >= 0.50","Medication for cholesterol, blood pressure, diabetes, or take exogenous hormones_None","Medication for cholesterol, blood pressure, diabetes, or take exogenous hormones_None",0,0,0.0
Other serious medical condition/disability diagnosed by doctor_No,0.00585,0.0,-0.062,-0.062,1,0.00184,Other serious medical condition/disability diagnosed by doctor_No,1.3,25187,35.81,Other serious medical condition/disability diagnosed by doctor_No < 0.50,Other serious medical condition/disability diagnosed by doctor_No,Other serious medical condition/disability diagnosed by doctor_No,0,0,0.0
Pulse wave reflection index,0.00583,0.66075,-0.001,-0.001,1,0.00093,Pulse wave reflection index,1.07,4830,5.64,-2.20 <= Pulse wave reflection index < -0.67,Pulse wave reflection index,Pulse wave reflection index,0,0,0.0
"I48.9 - Atrial fibrillation and atrial flutter, unspecified",0.00571,0.40921,0.008,0.008,1,0.00035,"I48.9 - Atrial fibrillation and atrial flutter, unspecified",0.99,89925,97.06,"-2.70 <= I48.9 - Atrial fibrillation and atrial flutter, unspecified < 1.10","I48.9 - Atrial fibrillation and atrial flutter, unspecified","I48.9 - Atrial fibrillation and atrial flutter, unspecified",0,0,0.0
"Other chronic ischemic heart disease, unspecified",0.00561,0.2562,0.012,0.012,1,0.00166,"Other chronic ischemic heart disease, unspecified",1.57,3125,5.35,"Other chronic ischemic heart disease, unspecified >= 1.30","Other chronic ischemic heart disease, unspecified","Other chronic ischemic heart disease, unspecified",0,0,0.0
Cancer of prostate,0.00498,0.79642,0.0,0.0,1,0.00034,Cancer of prostate,1.01,88093,97.06,-0.14 <= Cancer of prostate < 0.15,Cancer of prostate,Cancer of prostate,0,0,0.0
Abdominal pain,0.00498,0.76785,0.0,0.0,1,0.00055,Abdominal pain,1.2,3232,4.25,0.06 <= Abdominal pain < 2.80,Abdominal pain,Abdominal pain,0,0,0.0
"Medication for cholesterol, blood pressure or diabetes Medication_Blood pressure medication",0.00497,0.0,0.055,0.055,1,0.00135,"Medication for cholesterol, blood pressure or diabetes Medication_Blood pressure medication",1.49,9276,15.1,"Medication for cholesterol, blood pressure or diabetes Medication_Blood pressure medication >= 0.50","Medication for cholesterol, blood pressure or diabetes Medication_Blood pressure medication","Medication for cholesterol, blood pressure or diabetes Medication_Blood pressure medication",0,0,0.0
Meat substitutes - vegetarian,0.00484,0.25495,0.004,0.004,1,7e-05,Meat substitutes - vegetarian,1.01,80042,87.96,-0.18 <= Meat substitutes - vegetarian < 3.10,Meat substitutes - vegetarian,Meat substitutes - vegetarian,0,0,0.0
Diverticulosis,0.00468,0.73667,0.002,0.002,1,0.00071,Diverticulosis,1.38,1508,2.27,-1.40 <= Diverticulosis < -0.09,Diverticulosis,Diverticulosis,0,0,0.0
(VTE) venous thromboembolic disease genetic risk,0.0045,0.76214,0.001,0.001,1,0.3077,(VTE) venous thromboembolic disease genetic risk,1.0,91418,99.89,(VTE) venous thromboembolic disease genetic risk < 3.60,(VTE) venous thromboembolic disease genetic risk,(VTE) venous thromboembolic disease genetic risk,0,0,0.0
Alcohol intake frequency._Special occasions only,0.00442,0.0,-0.022,-0.022,1,0.00026,Alcohol intake frequency._Special occasions only,1.02,82186,91.75,Alcohol intake frequency._Special occasions only < 0.50,Alcohol intake frequency._Special occasions only,Alcohol intake frequency._Special occasions only,0,0,0.0
3-Hydroxybutyrate,0.00441,4e-05,0.023,0.02,1,0.14307,3-Hydroxybutyrate,1.11,14658,17.73,-0.49 <= 3-Hydroxybutyrate < -0.02,3-Hydroxybutyrate,3-Hydroxybutyrate,0,0,0.0
Other ill-defined and unknown causes of morbidity and mortality,0.00431,0.7584,-0.005,-0.005,1,0.00052,Other ill-defined and unknown causes of morbidity and mortality,1.46,1258,2.01,Other ill-defined and unknown causes of morbidity and mortality >= 3.00,Other ill-defined and unknown causes of morbidity and mortality,Other ill-defined and unknown causes of morbidity and mortality,0,0,0.0
Home area population density - urban or rural_England/Wales - Town and Fringe - less sparse,0.00407,0.0067,0.009,0.009,1,4e-05,Home area population density - urban or rural_England/Wales - Town and Fringe - less sparse,1.1,5915,7.12,Home area population density - urban or rural_England/Wales - Town and Fringe - less sparse >= 0.50,Home area population density - urban or rural_England/Wales - Town and Fringe - less sparse,Home area population density - urban or rural_England/Wales - Town and Fringe - less sparse,0,0,0.0
Home area population density - urban or rural_England/Wales - Urban - less sparse,0.00403,0.0,0.034,0.034,1,0.00062,Home area population density - urban or rural_England/Wales - Urban - less sparse,1.05,73086,83.94,Home area population density - urban or rural_England/Wales - Urban - less sparse >= 0.50,Home area population density - urban or rural_England/Wales - Urban - less sparse,Home area population density - urban or rural_England/Wales - Urban - less sparse,0,0,0.0
"M15.9 - Polyarthrosis, unspecified",0.00399,0.01274,0.01,0.01,1,0.00023,"M15.9 - Polyarthrosis, unspecified",0.99,90102,97.82,"-0.16 <= M15.9 - Polyarthrosis, unspecified < 0.86","M15.9 - Polyarthrosis, unspecified","M15.9 - Polyarthrosis, unspecified",0,0,0.0
Cholesterol in IDL,0.00381,0.0,-0.038,-0.036,1,0.06787,Cholesterol in IDL,1.76,1026,1.98,-4.60 <= Cholesterol in IDL < -3.20,Cholesterol in IDL,Cholesterol in IDL,0,0,0.0
(AD) alzheimer's disease genetic risk,0.00376,0.2627,-0.003,-0.002,1,0.30708,(AD) alzheimer's disease genetic risk,1.01,5427,5.98,(AD) alzheimer's disease genetic risk >= 1.80,(AD) alzheimer's disease genetic risk,(AD) alzheimer's disease genetic risk,0,0,0.0
Asthma,0.0036,0.03556,-0.005,-0.005,1,0.00034,Asthma,1.14,1677,2.1,-2.60 <= Asthma < -0.08,Asthma,Asthma,0,0,0.0
Treatment/medication code | Array 0 diclofenac,0.00359,1e-05,0.015,0.015,1,0.00011,Treatment/medication code | Array 0__diclofenac,1.0,90740,98.65,Treatment/medication code | Array 0__diclofenac < 0.37,Treatment/medication code | Array 0 diclofenac,Treatment/medication code | Array 0 diclofenac,0,0,0.0
"Non-cancer illness code, self-reported | Array 5 gout",0.00358,0.0,0.08,0.08,1,0.0017,"Non-cancer illness code, self-reported | Array 5__gout",0.99,91417,98.77,"Non-cancer illness code, self-reported | Array 5__gout < 0.50","Non-cancer illness code, self-reported | Array 5 gout","Non-cancer illness code, self-reported | Array 5 gout",0,0,0.0
Apolipoprotein B,0.00357,0.0,-0.038,-0.033,1,0.12893,Apolipoprotein B,1.37,4622,6.9,Apolipoprotein B < -1.70,Apolipoprotein B,Apolipoprotein B,0,0,0.0
Major dietary changes in the last 5 years_No,0.00355,0.0,-0.033,-0.033,1,0.00053,Major dietary changes in the last 5 years_No,1.11,39187,47.65,Major dietary changes in the last 5 years_No < 0.50,Major dietary changes in the last 5 years_No,Major dietary changes in the last 5 years_No,0,0,0.0
Apolipoprotein B to Apolipoprotein A1 ratio,0.00332,0.0,-0.033,-0.029,1,0.13612,Apolipoprotein B to Apolipoprotein A1 ratio,1.28,5102,7.11,-2.50 <= Apolipoprotein B to Apolipoprotein A1 ratio < -1.60,Apolipoprotein B to Apolipoprotein A1 ratio,Apolipoprotein B to Apolipoprotein A1 ratio,0,0,0.0
Acetoacetate,0.00323,0.0,0.034,0.03,1,0.13656,Acetoacetate,1.24,9070,12.28,Acetoacetate >= 0.62,Acetoacetate,Acetoacetate,0,0,0.0
Concentration of Very Large VLDL Particles,0.00316,0.0,0.029,0.027,1,0.07048,Concentration of Very Large VLDL Particles,1.4,2817,4.29,2.10 <= Concentration of Very Large VLDL Particles < 5.40,Concentration of Very Large VLDL Particles,Concentration of Very Large VLDL Particles,0,0,0.0
"Major dietary changes in the last 5 years_Yes, because of other reasons",0.00304,0.00652,-0.009,-0.009,1,4e-05,"Major dietary changes in the last 5 years_Yes, because of other reasons",1.02,67117,74.47,"Major dietary changes in the last 5 years_Yes, because of other reasons < 0.50","Major dietary changes in the last 5 years_Yes, because of other reasons","Major dietary changes in the last 5 years_Yes, because of other reasons",0,0,0.0
Angina pectoris,0.00293,0.04406,-0.003,-0.003,1,0.00113,Angina pectoris,1.54,1582,2.66,Angina pectoris < -3.20,Angina pectoris,Angina pectoris,0,0,0.0
Hypercholesterolemia,0.00282,0.0,-0.008,-0.008,1,0.00106,Hypercholesterolemia,1.58,2708,4.68,-5.60 <= Hypercholesterolemia < -2.00,Hypercholesterolemia,Hypercholesterolemia,0,0,0.0
Concentration of Medium LDL Particles,0.00273,0.0,-0.017,-0.016,1,0.05938,Concentration of Medium LDL Particles,1.38,1141,1.73,-3.70 <= Concentration of Medium LDL Particles < -2.80,Concentration of Medium LDL Particles,Concentration of Medium LDL Particles,0,0,0.0
Job code at visit assistants,0.00271,0.01602,-0.009,-0.009,1,0.00011,Job code at visit__assistants,1.01,87221,95.83,Job code at visit__assistants < 0.11,Job code at visit assistants,Job code at visit assistants,0,0,0.0
Sleep - Overall average,0.00268,0.5912,0.009,0.008,1,0.0357,Sleep - Overall average,1.02,80971,89.88,-0.12 <= Sleep - Overall average < 2.60,Sleep - Overall average,Sleep - Overall average,0,0,0.0
Vascular/heart problems diagnosed by doctor_High blood pressure,0.00266,0.0,0.082,0.082,1,0.00321,Vascular/heart problems diagnosed by doctor_High blood pressure,1.34,30845,45.27,Vascular/heart problems diagnosed by doctor_High blood pressure >= 0.50,Vascular/heart problems diagnosed by doctor_High blood pressure,Vascular/heart problems diagnosed by doctor_High blood pressure,0,0,0.0
Overall health rating_Poor,0.00263,0.0,0.056,0.056,1,0.00139,Overall health rating_Poor,1.6,6756,11.8,Overall health rating_Poor >= 0.50,Overall health rating_Poor,Overall health rating_Poor,0,0,0.0
Alcohol intake frequency._One to three times a month,0.00257,0.0,-0.028,-0.028,1,0.00042,Alcohol intake frequency._One to three times a month,1.03,82577,92.66,Alcohol intake frequency._One to three times a month < 0.50,Alcohol intake frequency._One to three times a month,Alcohol intake frequency._One to three times a month,0,0,0.0
Hemorrhage or hematoma complicating a procedure,0.00254,0.00305,-0.004,-0.004,1,0.00024,Hemorrhage or hematoma complicating a procedure,1.24,938,1.27,0.28 <= Hemorrhage or hematoma complicating a procedure < 9.30,Hemorrhage or hematoma complicating a procedure,Hemorrhage or hematoma complicating a procedure,0,0,0.0
Concentration of IDL Particles,0.0025,0.0,-0.033,-0.031,1,0.06038,Concentration of IDL Particles,1.43,2252,3.52,-3.80 <= Concentration of IDL Particles < -2.40,Concentration of IDL Particles,Concentration of IDL Particles,0,0,0.0
Overall health rating_Good,0.00245,0.0,-0.048,-0.048,1,0.00115,Overall health rating_Good,1.15,43190,54.33,Overall health rating_Good < 0.50,Overall health rating_Good,Overall health rating_Good,0,0,0.0
Other peripheral nerve disorders,0.00244,0.03872,0.008,0.008,1,0.0004,Other peripheral nerve disorders,1.11,1588,1.92,-11.00 <= Other peripheral nerve disorders < -0.25,Other peripheral nerve disorders,Other peripheral nerve disorders,0,0,0.0
Alcohol intake frequency._Three or four times a week,0.0024,0.00425,0.009,0.009,1,4e-05,Alcohol intake frequency._Three or four times a week,1.05,21264,24.41,Alcohol intake frequency._Three or four times a week >= 0.50,Alcohol intake frequency._Three or four times a week,Alcohol intake frequency._Three or four times a week,0,0,0.0
Benign neoplasm of colon,0.00234,0.78023,0.003,0.002,1,0.0007,Benign neoplasm of colon,1.2,3282,4.29,-8.00 <= Benign neoplasm of colon < -0.15,Benign neoplasm of colon,Benign neoplasm of colon,0,0,0.0
Cholesterol in Chylomicrons and Extremely Large VLDL,0.00222,0.0,0.028,0.026,1,0.06983,Cholesterol in Chylomicrons and Extremely Large VLDL,1.33,2792,4.06,2.00 <= Cholesterol in Chylomicrons and Extremely Large VLDL < 4.90,Cholesterol in Chylomicrons and Extremely Large VLDL,Cholesterol in Chylomicrons and Extremely Large VLDL,0,0,0.0
Cancer of bronchus; lung,0.00215,0.426,0.005,0.005,1,0.00039,Cancer of bronchus; lung,1.0,90707,99.5,-0.09 <= Cancer of bronchus; lung < 0.51,Cancer of bronchus; lung,Cancer of bronchus; lung,0,0,0.0
avMSE,0.00211,0.73519,-0.001,-0.001,1,0.04113,avMSE,1.12,6630,8.11,-4.00 <= avMSE < -0.09,avMSE,avMSE,0,0,0.0
Cholesterol in Very Large HDL,0.0021,0.0,-0.043,-0.04,1,0.06992,Cholesterol in Very Large HDL,1.97,1192,2.57,-4.10 <= Cholesterol in Very Large HDL < -2.50,Cholesterol in Very Large HDL,Cholesterol in Very Large HDL,0,0,0.0
Septicemia,0.00209,0.00443,-0.008,-0.008,1,0.00015,Septicemia,1.0,90187,98.46,-5.10 <= Septicemia < 0.10,Septicemia,Septicemia,0,0,0.0
Acetate,0.00206,0.0,-0.004,-0.003,1,0.10281,Acetate,1.0,86320,94.22,Acetate < 0.15,Acetate,Acetate,0,0,0.0
Other tests,0.00198,0.01152,-0.012,-0.012,1,0.00035,Other tests,1.01,88080,97.05,-2.40 <= Other tests < 0.10,Other tests,Other tests,0,0,0.0
Other serious medical condition/disability diagnosed by doctor_Yes - you will be asked about this later by an interviewer,0.00191,0.0,0.057,0.057,1,0.00157,Other serious medical condition/disability diagnosed by doctor_Yes - you will be asked about this later by an interviewer,1.3,22954,32.54,Other serious medical condition/disability diagnosed by doctor_Yes - you will be asked about this later by an interviewer >= 0.50,Other serious medical condition/disability diagnosed by doctor_Yes - you will be asked about this later by an interviewer,Other serious medical condition/disability diagnosed by doctor_Yes - you will be asked about this later by an interviewer,0,0,0.0
Secondary malignancy of lymph nodes,0.00188,0.01311,-0.007,-0.007,1,0.00068,Secondary malignancy of lymph nodes,1.01,90047,99.3,-0.31 <= Secondary malignancy of lymph nodes < 0.12,Secondary malignancy of lymph nodes,Secondary malignancy of lymph nodes,0,0,0.0
Concentration of Small LDL Particles,0.00181,0.0,-0.017,-0.016,1,0.04859,Concentration of Small LDL Particles,1.0,80534,87.97,-2.80 <= Concentration of Small LDL Particles < 0.19,Concentration of Small LDL Particles,Concentration of Small LDL Particles,0,0,0.0
Diaphragmatic hernia,0.00179,0.34848,0.002,0.002,1,0.00013,Diaphragmatic hernia,1.13,2977,3.67,-4.40 <= Diaphragmatic hernia < -0.05,Diaphragmatic hernia,Diaphragmatic hernia,0,0,0.0
"Malignant neoplasm, other",0.00175,0.72835,0.005,0.004,1,0.00047,"Malignant neoplasm, other",1.0,88639,96.99,"-0.00 <= Malignant neoplasm, other < 4.70","Malignant neoplasm, other","Malignant neoplasm, other",0,0,0.0
Coronary atherosclerosis,0.00172,0.01245,-0.005,-0.005,1,0.00135,Coronary atherosclerosis,1.55,2721,4.62,-4.90 <= Coronary atherosclerosis < -0.93,Coronary atherosclerosis,Coronary atherosclerosis,0,0,0.0
Other mental disorder,0.00172,0.30826,-0.0,-0.0,1,0.00034,Other mental disorder,1.26,1240,1.7,-3.30 <= Other mental disorder < -2.20,Other mental disorder,Other mental disorder,0,0,0.0
M79.66 - Pain in limb (Lower leg),0.00165,0.13881,0.006,0.006,1,0.00021,M79.66 - Pain in limb (Lower leg),1.0,90618,98.5,-0.49 <= M79.66 - Pain in limb (Lower leg) < 0.39,M79.66 - Pain in limb (Lower leg),M79.66 - Pain in limb (Lower leg),0,0,0.0
Alanine,0.00164,0.0,0.025,0.022,1,0.10662,Alanine,1.4,1058,1.62,Alanine >= 3.10,Alanine,Alanine,0,0,0.0
Concentration of Very Large HDL Particles,0.00164,0.0,-0.032,-0.031,1,0.05661,Concentration of Very Large HDL Particles,1.36,1434,2.13,-2.80 <= Concentration of Very Large HDL Particles < -2.10,Concentration of Very Large HDL Particles,Concentration of Very Large HDL Particles,0,0,0.0
Z87.4 - Personal history of diseases of the genito-urinary system,0.00155,0.76272,0.003,0.003,1,0.00021,Z87.4 - Personal history of diseases of the genito-urinary system,0.99,89488,97.12,-2.00 <= Z87.4 - Personal history of diseases of the genito-urinary system < 0.02,Z87.4 - Personal history of diseases of the genito-urinary system,Z87.4 - Personal history of diseases of the genito-urinary system,0,0,0.0
Age high blood pressure diagnosed_Do not know,0.00152,0.0,0.03,0.03,1,0.0004,Age high blood pressure diagnosed_Do not know,1.47,3201,5.15,Age high blood pressure diagnosed_Do not know >= 0.50,Age high blood pressure diagnosed_Do not know,Age high blood pressure diagnosed_Do not know,0,0,0.0
Chemotherapy,0.00149,0.02662,0.011,0.011,1,0.00037,Chemotherapy,1.0,86391,94.72,-0.03 <= Chemotherapy < 0.72,Chemotherapy,Chemotherapy,0,0,0.0
Circulatory disease NEC,0.00149,0.03901,-0.002,-0.002,1,0.00072,Circulatory disease NEC,1.39,1979,3.01,-4.80 <= Circulatory disease NEC < -0.20,Circulatory disease NEC,Circulatory disease NEC,0,0,0.0
Concentration of Very Small VLDL Particles,0.00148,0.00096,-0.01,-0.01,1,0.06596,Concentration of Very Small VLDL Particles,1.12,7399,9.05,-3.90 <= Concentration of Very Small VLDL Particles < -0.95,Concentration of Very Small VLDL Particles,Concentration of Very Small VLDL Particles,0,0,0.0
Alcoholism,0.00147,0.10932,0.006,0.006,1,0.00057,Alcoholism,0.99,88470,95.28,-0.25 <= Alcoholism < 0.09,Alcoholism,Alcoholism,0,0,0.0
M54.56 - Low back pain (Lumbar region),0.00146,0.00043,0.012,0.012,1,0.00019,M54.56 - Low back pain (Lumbar region),1.0,91086,99.17,-17.00 <= M54.56 - Low back pain (Lumbar region) < 0.75,M54.56 - Low back pain (Lumbar region),M54.56 - Low back pain (Lumbar region),0,0,0.0
Enthesopathy,0.00146,0.29691,0.006,0.006,1,0.00027,Enthesopathy,0.99,89803,97.4,-3.50 <= Enthesopathy < 0.08,Enthesopathy,Enthesopathy,0,0,0.0
Cholesterol in Very Small VLDL,0.00144,0.0,-0.029,-0.027,1,0.05247,Cholesterol in Very Small VLDL,1.29,6102,8.61,-4.60 <= Cholesterol in Very Small VLDL < -1.30,Cholesterol in Very Small VLDL,Cholesterol in Very Small VLDL,0,0,0.0
"Cellulitis and abscess of foot, toe",0.00143,0.16357,0.006,0.006,1,0.00055,"Cellulitis and abscess of foot, toe",1.7,969,1.8,"2.30 <= Cellulitis and abscess of foot, toe < 7.60","Cellulitis and abscess of foot, toe","Cellulitis and abscess of foot, toe",0,0,0.0
Concentration of Medium VLDL Particles,0.0014,0.11983,-0.007,-0.006,1,0.06559,Concentration of Medium VLDL Particles,0.99,89332,96.89,-2.90 <= Concentration of Medium VLDL Particles < 3.90,Concentration of Medium VLDL Particles,Concentration of Medium VLDL Particles,0,0,0.0
"Qualifications_A levels/AS levels or equivalent|O levels/GCSEs or equivalent|Other professional qualifications eg: nursing, teaching",0.0014,0.0004,-0.012,-0.012,1,7e-05,"Qualifications_A levels/AS levels or equivalent|O levels/GCSEs or equivalent|Other professional qualifications eg: nursing, teaching",1.0,90185,98.9,"Qualifications_A levels/AS levels or equivalent|O levels/GCSEs or equivalent|Other professional qualifications eg: nursing, teaching < 0.50","Qualifications_A levels/AS levels or equivalent|O levels/GCSEs or equivalent|Other professional qualifications eg: nursing, teaching","Qualifications_A levels/AS levels or equivalent|O levels/GCSEs or equivalent|Other professional qualifications eg: nursing, teaching",0,0,0.0
Average Diameter for VLDL Particles,0.00136,0.0,0.031,0.03,1,0.02848,Average Diameter for VLDL Particles,1.87,986,2.01,3.30 <= Average Diameter for VLDL Particles < 5.90,Average Diameter for VLDL Particles,Average Diameter for VLDL Particles,0,0,0.0
Gastritis and duodenitis,0.00136,0.20507,0.008,0.008,1,0.00035,Gastritis and duodenitis,1.27,2228,3.1,0.49 <= Gastritis and duodenitis < 4.60,Gastritis and duodenitis,Gastritis and duodenitis,0,0,0.0
"Medication for cholesterol, blood pressure, diabetes, or take exogenous hormones_Blood pressure medication",0.00134,3e-05,0.014,0.014,1,9e-05,"Medication for cholesterol, blood pressure, diabetes, or take exogenous hormones_Blood pressure medication",1.23,3018,4.04,"Medication for cholesterol, blood pressure, diabetes, or take exogenous hormones_Blood pressure medication >= 0.50","Medication for cholesterol, blood pressure, diabetes, or take exogenous hormones_Blood pressure medication","Medication for cholesterol, blood pressure, diabetes, or take exogenous hormones_Blood pressure medication",0,0,0.0
"Non-cancer illness code, self-reported | Array 6 gout",0.00123,0.0,0.058,0.058,1,0.00088,"Non-cancer illness code, self-reported | Array 6__gout",0.99,91508,99.39,"Non-cancer illness code, self-reported | Array 6__gout < 0.50","Non-cancer illness code, self-reported | Array 6 gout","Non-cancer illness code, self-reported | Array 6 gout",0,0,0.0
Overall health rating_Excellent,0.00122,0.0,-0.046,-0.046,1,0.0012,Overall health rating_Excellent,1.05,81543,93.35,Overall health rating_Excellent < 0.50,Overall health rating_Excellent,Overall health rating_Excellent,0,0,0.0
"M19.99 - Arthrosis, unspecified (Site unspecified)",0.0012,0.75686,0.004,0.004,1,0.0003,"M19.99 - Arthrosis, unspecified (Site unspecified)",0.99,89932,97.29,"-0.86 <= M19.99 - Arthrosis, unspecified (Site unspecified) < 0.02","M19.99 - Arthrosis, unspecified (Site unspecified)","M19.99 - Arthrosis, unspecified (Site unspecified)",0,0,0.0
Shortness of breath,0.00119,0.49737,0.007,0.007,1,0.00032,Shortness of breath,1.19,946,1.23,2.10 <= Shortness of breath < 7.40,Shortness of breath,Shortness of breath,0,0,0.0
M25.56 - Pain in joint (Lower leg),0.00118,0.05481,0.008,0.008,1,0.00034,M25.56 - Pain in joint (Lower leg),0.99,90802,98.5,-0.65 <= M25.56 - Pain in joint (Lower leg) < 0.29,M25.56 - Pain in joint (Lower leg),M25.56 - Pain in joint (Lower leg),0,0,0.0
Tobacco use disorder,0.00116,0.21959,-0.004,-0.004,1,0.00029,Tobacco use disorder,1.25,1364,1.87,-6.60 <= Tobacco use disorder < -2.00,Tobacco use disorder,Tobacco use disorder,0,0,0.0
"Osteoarthrosis, localized, primary",0.00114,0.2175,-0.005,-0.005,1,0.00056,"Osteoarthrosis, localized, primary",1.45,943,1.5,"-11.00 <= Osteoarthrosis, localized, primary < -2.90","Osteoarthrosis, localized, primary","Osteoarthrosis, localized, primary",0,0,0.0
Treatment/medication code | Array 0 capsule,0.0011,0.0,-0.014,-0.014,1,0.00068,Treatment/medication code | Array 0__capsule,1.01,88303,97.26,Treatment/medication code | Array 0__capsule < 0.24,Treatment/medication code | Array 0 capsule,Treatment/medication code | Array 0 capsule,0,0,0.0
"Medication for cholesterol, blood pressure, diabetes, or take exogenous hormones_None of the above",0.00109,0.0,-0.067,-0.067,1,0.0027,"Medication for cholesterol, blood pressure, diabetes, or take exogenous hormones_None of the above",1.07,81774,95.46,"Medication for cholesterol, blood pressure, diabetes, or take exogenous hormones_None of the above < 0.50","Medication for cholesterol, blood pressure, diabetes, or take exogenous hormones_None of the above","Medication for cholesterol, blood pressure, diabetes, or take exogenous hormones_None of the above",0,0,0.0
M47.82 - Other spondylosis (Cervical region),0.00105,0.10022,-0.005,-0.005,1,0.00023,M47.82 - Other spondylosis (Cervical region),1.0,90852,98.83,-0.73 <= M47.82 - Other spondylosis (Cervical region) < 0.34,M47.82 - Other spondylosis (Cervical region),M47.82 - Other spondylosis (Cervical region),0,0,0.0
Alcohol intake frequency._Once or twice a week,0.00105,0.0,-0.025,-0.025,1,0.00033,Alcohol intake frequency._Once or twice a week,1.04,68558,78.14,Alcohol intake frequency._Once or twice a week < 0.50,Alcohol intake frequency._Once or twice a week,Alcohol intake frequency._Once or twice a week,0,0,0.0
Pneumococcal pneumonia,0.00104,0.10033,-0.004,-0.004,1,0.00023,Pneumococcal pneumonia,1.0,90494,98.44,-4.70 <= Pneumococcal pneumonia < 5.00,Pneumococcal pneumonia,Pneumococcal pneumonia,0,0,0.0
Osteoarthritis; localized,0.00103,0.01798,-0.004,-0.004,1,0.0002,Osteoarthritis; localized,1.12,947,1.16,-5.50 <= Osteoarthritis; localized < -0.13,Osteoarthritis; localized,Osteoarthritis; localized,0,0,0.0
Hyposmolality and/or hyponatremia,0.00102,0.68331,-0.002,-0.002,1,0.00015,Hyposmolality and/or hyponatremia,1.0,90782,99.37,-0.35 <= Hyposmolality and/or hyponatremia < 1.20,Hyposmolality and/or hyponatremia,Hyposmolality and/or hyponatremia,0,0,0.0
Rash and other nonspecific skin eruption,0.00101,0.07332,-0.004,-0.004,1,0.00019,Rash and other nonspecific skin eruption,1.0,90827,98.91,-1.00 <= Rash and other nonspecific skin eruption < 0.34,Rash and other nonspecific skin eruption,Rash and other nonspecific skin eruption,0,0,0.0
Hearing loss,0.00101,0.4131,0.006,0.006,1,0.00027,Hearing loss,1.0,90120,97.99,-0.47 <= Hearing loss < 0.54,Hearing loss,Hearing loss,0,0,0.0
Complications of surgical and medical procedures,0.00096,0.01821,0.006,0.006,1,0.00023,Complications of surgical and medical procedures,1.0,90414,98.3,-0.19 <= Complications of surgical and medical procedures < 0.23,Complications of surgical and medical procedures,Complications of surgical and medical procedures,0,0,0.0
"Medication for cholesterol, blood pressure or diabetes_Cholesterol lowering medication|Blood pressure medication",0.00094,0.0,0.085,0.085,1,0.00321,"Medication for cholesterol, blood pressure or diabetes_Cholesterol lowering medication|Blood pressure medication",1.58,14743,25.45,"Medication for cholesterol, blood pressure or diabetes_Cholesterol lowering medication|Blood pressure medication >= 0.50","Medication for cholesterol, blood pressure or diabetes_Cholesterol lowering medication|Blood pressure medication","Medication for cholesterol, blood pressure or diabetes_Cholesterol lowering medication|Blood pressure medication",0,0,0.0
Average Diameter for LDL Particles,0.0009,0.0,-0.027,-0.025,1,0.00392,Average Diameter for LDL Particles,1.21,7036,9.26,-5.50 <= Average Diameter for LDL Particles < -0.75,Average Diameter for LDL Particles,Average Diameter for LDL Particles,0,0,0.0
"Non-cancer illness code, self-reported | Array 1 diabetes",0.00089,0.0,0.022,0.022,1,0.00025,"Non-cancer illness code, self-reported | Array 1__diabetes",1.33,3899,5.66,"Non-cancer illness code, self-reported | Array 1__diabetes >= 0.43","Non-cancer illness code, self-reported | Array 1 diabetes","Non-cancer illness code, self-reported | Array 1 diabetes",0,0,0.0
Concentration of Small HDL Particles,0.00088,0.0,0.01,0.01,1,0.05416,Concentration of Small HDL Particles,1.44,1117,1.76,2.10 <= Concentration of Small HDL Particles < 2.70,Concentration of Small HDL Particles,Concentration of Small HDL Particles,0,0,0.0
"Non-cancer illness code, self-reported | Array 0 hypertension",0.00088,0.0,0.084,0.084,1,0.00337,"Non-cancer illness code, self-reported | Array 0__hypertension",1.36,29822,44.25,"Non-cancer illness code, self-reported | Array 0__hypertension >= 0.61","Non-cancer illness code, self-reported | Array 0 hypertension","Non-cancer illness code, self-reported | Array 0 hypertension",0,0,0.0
Other and unspecified disc disorder,0.00087,0.11008,0.006,0.006,1,0.00026,Other and unspecified disc disorder,1.0,90789,98.9,-7.00 <= Other and unspecified disc disorder < 3.60,Other and unspecified disc disorder,Other and unspecified disc disorder,0,0,0.0
Altered mental status,0.00085,0.16853,-0.005,-0.005,1,0.00015,Altered mental status,1.0,90929,99.41,-13.00 <= Altered mental status < 2.40,Altered mental status,Altered mental status,0,0,0.0
Abnormal findings examination of lungs,0.00083,0.08446,-0.002,-0.002,1,0.00019,Abnormal findings examination of lungs,1.0,91075,99.43,-3.20 <= Abnormal findings examination of lungs < 8.40,Abnormal findings examination of lungs,Abnormal findings examination of lungs,0,0,0.0
Concentration of Large LDL Particles,0.00083,0.0,-0.024,-0.022,1,0.06832,Concentration of Large LDL Particles,1.16,7437,9.46,-3.50 <= Concentration of Large LDL Particles < -0.85,Concentration of Large LDL Particles,Concentration of Large LDL Particles,0,0,0.0
Concentration of HDL Particles,0.00082,0.11155,0.002,0.002,1,0.0387,Concentration of HDL Particles,1.21,2381,3.16,Concentration of HDL Particles < -2.30,Concentration of HDL Particles,Concentration of HDL Particles,0,0,0.0
Y83.8 - Other surgical procedures,0.00081,0.03986,0.008,0.008,1,0.00022,Y83.8 - Other surgical procedures,0.99,89841,97.42,-2.00 <= Y83.8 - Other surgical procedures < 0.00,Y83.8 - Other surgical procedures,Y83.8 - Other surgical procedures,0,0,0.0
Age high blood pressure diagnosed_23,0.0008,0.0,0.017,0.017,1,0.0001,Age high blood pressure diagnosed_23,1.0,91528,99.8,Age high blood pressure diagnosed_23 < 0.50,Age high blood pressure diagnosed_23,Age high blood pressure diagnosed_23,0,0,0.0
Z96.6 - Presence of orthopaedic joint implants,0.00079,0.00055,-0.007,-0.007,1,0.0003,Z96.6 - Presence of orthopaedic joint implants,1.33,1458,2.12,-6.30 <= Z96.6 - Presence of orthopaedic joint implants < -0.35,Z96.6 - Presence of orthopaedic joint implants,Z96.6 - Presence of orthopaedic joint implants,0,0,0.0
Treatment/medication code | Array 0 arcoxia,0.00079,0.0,0.016,0.016,1,0.0001,Treatment/medication code | Array 0__arcoxia,1.0,91515,99.78,Treatment/medication code | Array 0__arcoxia < 0.24,Treatment/medication code | Array 0 arcoxia,Treatment/medication code | Array 0 arcoxia,0,0,0.0
Alcohol-related disorders,0.00078,0.00488,0.009,0.009,1,0.00074,Alcohol-related disorders,0.99,89420,96.4,-0.04 <= Alcohol-related disorders < 0.44,Alcohol-related disorders,Alcohol-related disorders,0,0,0.0
"Non-cancer illness code, self-reported | Array 0 infarction",0.00077,0.0,0.044,0.044,1,0.00084,"Non-cancer illness code, self-reported | Array 0__infarction",1.57,4618,7.92,"Non-cancer illness code, self-reported | Array 0__infarction >= 0.19","Non-cancer illness code, self-reported | Array 0 infarction","Non-cancer illness code, self-reported | Array 0 infarction",0,0,0.0
"Medication for cholesterol, blood pressure, diabetes, or take exogenous hormones_Cholesterol lowering medication|Blood pressure medication",0.00075,0.0,0.03,0.03,1,0.0004,"Medication for cholesterol, blood pressure, diabetes, or take exogenous hormones_Cholesterol lowering medication|Blood pressure medication",1.5,2844,4.67,"Medication for cholesterol, blood pressure, diabetes, or take exogenous hormones_Cholesterol lowering medication|Blood pressure medication >= 0.50","Medication for cholesterol, blood pressure, diabetes, or take exogenous hormones_Cholesterol lowering medication|Blood pressure medication","Medication for cholesterol, blood pressure, diabetes, or take exogenous hormones_Cholesterol lowering medication|Blood pressure medication",0,0,0.0
Age high blood pressure diagnosed_40,0.00073,0.0,0.037,0.037,1,0.00056,Age high blood pressure diagnosed_40,1.76,1861,3.58,Age high blood pressure diagnosed_40 >= 0.50,Age high blood pressure diagnosed_40,Age high blood pressure diagnosed_40,0,0,0.0
"Non-cancer illness code, self-reported | Array 1 asthma",0.00072,0.0,0.026,0.026,1,0.0003,"Non-cancer illness code, self-reported | Array 1__asthma",1.36,4004,5.94,"Non-cancer illness code, self-reported | Array 1__asthma >= 0.50","Non-cancer illness code, self-reported | Array 1 asthma","Non-cancer illness code, self-reported | Array 1 asthma",0,0,0.0
Job code at visit sales,0.00071,0.02984,0.007,0.007,1,6e-05,Job code at visit__sales,1.26,1227,1.68,0.41 <= Job code at visit__sales < 0.45,Job code at visit sales,Job code at visit sales,0,0,0.0
Dental caries,0.00068,0.06559,-0.004,-0.004,1,0.00017,Dental caries,1.0,90780,98.73,-1.90 <= Dental caries < 3.40,Dental caries,Dental caries,0,0,0.0
"Non-cancer illness code, self-reported | Array 1 kidney",0.00068,0.0,0.025,0.025,1,0.00052,"Non-cancer illness code, self-reported | Array 1__kidney",0.99,90998,98.74,"Non-cancer illness code, self-reported | Array 1__kidney < 0.11","Non-cancer illness code, self-reported | Array 1 kidney","Non-cancer illness code, self-reported | Array 1 kidney",0,0,0.0
Concentration of Medium HDL Particles,0.00066,0.0026,0.004,0.004,1,0.06003,Concentration of Medium HDL Particles,1.18,1085,1.4,3.70 <= Concentration of Medium HDL Particles < 8.70,Concentration of Medium HDL Particles,Concentration of Medium HDL Particles,0,0,0.0
Peripheral enthesopathies and allied syndromes,0.00065,0.18829,0.006,0.006,1,0.00038,Peripheral enthesopathies and allied syndromes,0.99,89222,96.79,-2.10 <= Peripheral enthesopathies and allied syndromes < 0.90,Peripheral enthesopathies and allied syndromes,Peripheral enthesopathies and allied syndromes,0,0,0.0
"Other diseases of respiratory system, NEC",0.00064,0.0058,-0.006,-0.006,1,0.00029,"Other diseases of respiratory system, NEC",1.01,1693,1.87,"Other diseases of respiratory system, NEC >= 2.10","Other diseases of respiratory system, NEC","Other diseases of respiratory system, NEC",0,0,0.0
Qualifications_None,0.00063,0.00484,0.009,0.009,1,4e-05,Qualifications_None,1.27,986,1.36,Qualifications_None >= 0.50,Qualifications_None,Qualifications_None,0,0,0.0
Epistaxis or throat hemorrhage,0.00063,0.00241,-0.005,-0.005,1,0.00038,Epistaxis or throat hemorrhage,0.99,90943,98.68,-0.65 <= Epistaxis or throat hemorrhage < 8.90,Epistaxis or throat hemorrhage,Epistaxis or throat hemorrhage,0,0,0.0
"Non-cancer illness code, self-reported | Array 1 depression",0.00063,0.05364,-0.006,-0.006,1,2e-05,"Non-cancer illness code, self-reported | Array 1__depression",1.0,90295,98.81,"Non-cancer illness code, self-reported | Array 1__depression < 0.12","Non-cancer illness code, self-reported | Array 1 depression","Non-cancer illness code, self-reported | Array 1 depression",0,0,0.0
Ulcerative colitis,0.00062,0.17928,-0.005,-0.005,1,0.00025,Ulcerative colitis,1.0,91152,99.36,Ulcerative colitis >= -0.18,Ulcerative colitis,Ulcerative colitis,0,0,0.0
Umbilical hernia,0.00062,0.00736,-0.005,-0.005,1,0.00025,Umbilical hernia,1.0,89838,97.61,-1.20 <= Umbilical hernia < 0.56,Umbilical hernia,Umbilical hernia,0,0,0.0
"Non-cancer illness code, self-reported | Array 3 kidney",0.00062,0.0,0.029,0.029,1,0.0004,"Non-cancer illness code, self-reported | Array 3__kidney",0.99,91272,99.14,"Non-cancer illness code, self-reported | Array 3__kidney < 0.11","Non-cancer illness code, self-reported | Array 3 kidney","Non-cancer illness code, self-reported | Array 3 kidney",0,0,0.0
Mental health conditions ever diagnosed by a professional group depression,0.00061,1e-05,-0.015,-0.015,1,0.00101,Mental health conditions ever diagnosed by a professional__group depression,1.01,87484,96.48,Mental health conditions ever diagnosed by a professional__group depression < 0.15,Mental health conditions ever diagnosed by a professional group depression,Mental health conditions ever diagnosed by a professional group depression,0,0,0.0
Overall health rating_Fair,0.0006,0.0,0.05,0.05,1,0.00121,Overall health rating_Fair,1.24,25623,34.72,Overall health rating_Fair >= 0.50,Overall health rating_Fair,Overall health rating_Fair,0,0,0.0
Treatment/medication code | Array 0 alfacalcidol,0.0006,0.0,0.038,0.038,1,0.00045,Treatment/medication code | Array 0__alfacalcidol,1.0,91465,99.44,Treatment/medication code | Array 0__alfacalcidol < 0.50,Treatment/medication code | Array 0 alfacalcidol,Treatment/medication code | Array 0 alfacalcidol,0,0,0.0
"Non-cancer illness code, self-reported | Array 1 hypertension",0.0006,0.0,0.049,0.049,1,0.00104,"Non-cancer illness code, self-reported | Array 1__hypertension",1.63,4508,8.04,"Non-cancer illness code, self-reported | Array 1__hypertension >= 0.68","Non-cancer illness code, self-reported | Array 1 hypertension","Non-cancer illness code, self-reported | Array 1 hypertension",0,0,0.0
GERD,0.00058,0.09193,-0.005,-0.005,1,0.0001,GERD,1.0,89393,97.39,-0.63 <= GERD < 4.40,GERD,GERD,0,0,0.0
Average Diameter for HDL Particles,0.00057,0.0,-0.021,-0.02,1,0.02997,Average Diameter for HDL Particles,1.15,7281,9.12,-3.00 <= Average Diameter for HDL Particles < -0.96,Average Diameter for HDL Particles,Average Diameter for HDL Particles,0,0,0.0
Complications of transplants and reattached limbs,0.00057,0.1044,-0.002,-0.002,1,0.00019,Complications of transplants and reattached limbs,0.99,89350,97.0,-1.40 <= Complications of transplants and reattached limbs < 0.39,Complications of transplants and reattached limbs,Complications of transplants and reattached limbs,0,0,0.0
Fluid intelligence score,0.00056,0.01085,-0.008,-0.007,1,0.00012,Fluid intelligence score,1.26,1102,1.52,-3.60 <= Fluid intelligence score < -2.80,Fluid intelligence score,Fluid intelligence score,0,0,0.0
M51.1 - Lumbar and other intervertebral disk disorders with radiculopathy,0.00054,0.08766,0.007,0.007,1,0.00024,M51.1 - Lumbar and other intervertebral disk disorders with radiculopathy,1.0,90946,99.1,-9.00 <= M51.1 - Lumbar and other intervertebral disk disorders with radiculopathy < 4.40,M51.1 - Lumbar and other intervertebral disk disorders with radiculopathy,M51.1 - Lumbar and other intervertebral disk disorders with radiculopathy,0,0,0.0
Treatment/medication code | Array 0 ibuprofen,0.00054,0.0,-0.026,-0.026,1,0.00042,Treatment/medication code | Array 0__ibuprofen,1.02,87653,97.28,Treatment/medication code | Array 0__ibuprofen < 0.57,Treatment/medication code | Array 0 ibuprofen,Treatment/medication code | Array 0 ibuprofen,0,0,0.0
Rheumatoid arthritis,0.00054,0.14995,0.004,0.004,1,0.00024,Rheumatoid arthritis,1.0,90983,99.08,-3.10 <= Rheumatoid arthritis < 3.60,Rheumatoid arthritis,Rheumatoid arthritis,0,0,0.0
Job code at visit chartered,0.00053,0.06838,-0.006,-0.006,1,2e-05,Job code at visit__chartered,1.0,90183,98.69,Job code at visit__chartered < 0.14,Job code at visit chartered,Job code at visit chartered,0,0,0.0
Job code at visit officers,0.0005,0.01663,-0.009,-0.009,1,0.00014,Job code at visit__officers,1.01,88472,97.08,Job code at visit__officers < 0.09,Job code at visit officers,Job code at visit officers,0,0,0.0
"Major dietary changes in the last 5 years_Yes, because of illness",0.00049,0.0,0.054,0.054,1,0.00133,"Major dietary changes in the last 5 years_Yes, because of illness",1.37,14262,21.41,"Major dietary changes in the last 5 years_Yes, because of illness >= 0.50","Major dietary changes in the last 5 years_Yes, because of illness","Major dietary changes in the last 5 years_Yes, because of illness",0,0,0.0
Treatment/medication code | Array 0 cialis 10mg,0.00047,0.10237,0.005,0.005,1,1e-05,Treatment/medication code | Array 0__cialis 10mg,1.0,91536,99.9,Treatment/medication code | Array 0__cialis 10mg < 0.28,Treatment/medication code | Array 0 cialis 10mg,Treatment/medication code | Array 0 cialis 10mg,0,0,0.0
"Medication for cholesterol, blood pressure or diabetes_Blood pressure medication",0.00047,0.0,0.055,0.055,1,0.00135,"Medication for cholesterol, blood pressure or diabetes_Blood pressure medication",1.49,9276,15.1,"Medication for cholesterol, blood pressure or diabetes_Blood pressure medication >= 0.50","Medication for cholesterol, blood pressure or diabetes_Blood pressure medication","Medication for cholesterol, blood pressure or diabetes_Blood pressure medication",0,0,0.0
Treatment/medication code | Array 0 adalat 5mg,0.00047,3e-05,0.014,0.014,1,8e-05,Treatment/medication code | Array 0__adalat 5mg,1.0,91198,99.3,Treatment/medication code | Array 0__adalat 5mg < 0.24,Treatment/medication code | Array 0 adalat 5mg,Treatment/medication code | Array 0 adalat 5mg,0,0,0.0
Treatment/medication code | Array 0 cilexetil,0.00046,0.09717,0.005,0.005,1,1e-05,Treatment/medication code | Array 0__cilexetil,1.0,91269,99.55,Treatment/medication code | Array 0__cilexetil < 0.29,Treatment/medication code | Array 0 cilexetil,Treatment/medication code | Array 0 cilexetil,0,0,0.0
"Non-cancer illness code, self-reported | Array 1 osteoarthritis",0.00046,0.00049,0.012,0.012,1,6e-05,"Non-cancer illness code, self-reported | Array 1__osteoarthritis",1.2,2704,3.54,"Non-cancer illness code, self-reported | Array 1__osteoarthritis >= 0.50","Non-cancer illness code, self-reported | Array 1 osteoarthritis","Non-cancer illness code, self-reported | Array 1 osteoarthritis",0,0,0.0
Syncope and collapse,0.00046,0.02641,-0.003,-0.003,1,0.00028,Syncope and collapse,1.37,988,1.47,-5.90 <= Syncope and collapse < -0.17,Syncope and collapse,Syncope and collapse,0,0,0.0
Z09.0 - Follow-up examination after surgery for other conditions,0.00046,0.18969,-0.005,-0.005,1,0.00025,Z09.0 - Follow-up examination after surgery for other conditions,0.99,90275,97.87,-0.25 <= Z09.0 - Follow-up examination after surgery for other conditions < 4.30,Z09.0 - Follow-up examination after surgery for other conditions,Z09.0 - Follow-up examination after surgery for other conditions,0,0,0.0
Qualifications_NVQ or HND or HNC or equivalent,0.00045,0.00257,0.01,0.01,1,5e-05,Qualifications_NVQ or HND or HNC or equivalent,1.1,7423,8.92,Qualifications_NVQ or HND or HNC or equivalent >= 0.50,Qualifications_NVQ or HND or HNC or equivalent,Qualifications_NVQ or HND or HNC or equivalent,0,0,0.0
Other specified cardiac dysrhythmias,0.00044,0.16262,0.006,0.006,1,0.00031,Other specified cardiac dysrhythmias,0.99,90042,97.72,-0.12 <= Other specified cardiac dysrhythmias < 0.98,Other specified cardiac dysrhythmias,Other specified cardiac dysrhythmias,0,0,0.0
Qualifications_A levels/AS levels or equivalent|O levels/GCSEs or equivalent|NVQ or HND or HNC or equivalent,0.00044,0.01086,-0.008,-0.008,1,4e-05,Qualifications_A levels/AS levels or equivalent|O levels/GCSEs or equivalent|NVQ or HND or HNC or equivalent,1.0,90738,99.31,Qualifications_A levels/AS levels or equivalent|O levels/GCSEs or equivalent|NVQ or HND or HNC or equivalent < 0.50,Qualifications_A levels/AS levels or equivalent|O levels/GCSEs or equivalent|NVQ or HND or HNC or equivalent,Qualifications_A levels/AS levels or equivalent|O levels/GCSEs or equivalent|NVQ or HND or HNC or equivalent,0,0,0.0
"Non-cancer illness code, self-reported | Array 2 failure",0.00044,0.0,0.035,0.035,1,0.00044,"Non-cancer illness code, self-reported | Array 2__failure",1.0,91470,99.49,"Non-cancer illness code, self-reported | Array 2__failure < 0.18","Non-cancer illness code, self-reported | Array 2 failure","Non-cancer illness code, self-reported | Array 2 failure",0,0,0.0
"Medication for cholesterol, blood pressure or diabetes Medication_Cholesterol lowering medication|Blood pressure medication|Insulin",0.00043,0.02373,0.007,0.007,1,3e-05,"Medication for cholesterol, blood pressure or diabetes Medication_Cholesterol lowering medication|Blood pressure medication|Insulin",1.21,1006,1.33,"Medication for cholesterol, blood pressure or diabetes Medication_Cholesterol lowering medication|Blood pressure medication|Insulin >= 0.50","Medication for cholesterol, blood pressure or diabetes Medication_Cholesterol lowering medication|Blood pressure medication|Insulin","Medication for cholesterol, blood pressure or diabetes Medication_Cholesterol lowering medication|Blood pressure medication|Insulin",0,0,0.0
Treatment/medication code | Array 0 100mg capsule,0.00043,0.00397,0.009,0.009,1,3e-05,Treatment/medication code | Array 0__100mg capsule,1.0,91540,99.88,Treatment/medication code | Array 0__100mg capsule < 0.25,Treatment/medication code | Array 0 100mg capsule,Treatment/medication code | Array 0 100mg capsule,0,0,0.0
Job code at visit teaching,0.00043,0.0,-0.022,-0.022,1,0.00029,Job code at visit__teaching,1.01,87979,97.33,Job code at visit__teaching < 0.12,Job code at visit teaching,Job code at visit teaching,0,0,0.0
Qualifications_College or University degree|A levels/AS levels or equivalent|O levels/GCSEs or equivalent,0.00042,0.00014,-0.013,-0.013,1,8e-05,Qualifications_College or University degree|A levels/AS levels or equivalent|O levels/GCSEs or equivalent,1.01,88450,97.26,Qualifications_College or University degree|A levels/AS levels or equivalent|O levels/GCSEs or equivalent < 0.50,Qualifications_College or University degree|A levels/AS levels or equivalent|O levels/GCSEs or equivalent,Qualifications_College or University degree|A levels/AS levels or equivalent|O levels/GCSEs or equivalent,0,0,0.0
Type 1 diabetes,0.00042,0.00311,0.006,0.006,1,0.00023,Type 1 diabetes,1.0,90689,98.73,-0.06 <= Type 1 diabetes < 6.30,Type 1 diabetes,Type 1 diabetes,0,0,0.0
Vascular/heart problems diagnosed by doctor_Angina,0.00042,0.07803,-0.006,-0.006,1,2e-05,Vascular/heart problems diagnosed by doctor_Angina,1.0,90076,98.57,Vascular/heart problems diagnosed by doctor_Angina < 0.50,Vascular/heart problems diagnosed by doctor_Angina,Vascular/heart problems diagnosed by doctor_Angina,0,0,0.0
Occlusion of cerebral arteries,0.00041,0.0176,-0.005,-0.005,1,0.0002,Occlusion of cerebral arteries,1.0,90341,98.43,-2.60 <= Occlusion of cerebral arteries < 0.04,Occlusion of cerebral arteries,Occlusion of cerebral arteries,0,0,0.0
Job code at visit professionals,0.00041,0.0,-0.022,-0.022,1,0.00037,Job code at visit__professionals,1.02,85437,94.93,Job code at visit__professionals < 0.11,Job code at visit professionals,Job code at visit professionals,0,0,0.0
Congenital anomalies of great vessels,0.0004,0.16974,0.005,0.005,1,0.00024,Congenital anomalies of great vessels,1.0,90650,98.57,-2.30 <= Congenital anomalies of great vessels < 0.41,Congenital anomalies of great vessels,Congenital anomalies of great vessels,0,0,0.0
"Non-cancer illness code, self-reported | Array 1 high cholesterol",0.0004,0.00701,0.009,0.009,1,4e-05,"Non-cancer illness code, self-reported | Array 1__high cholesterol",1.1,5775,6.95,"Non-cancer illness code, self-reported | Array 1__high cholesterol >= 0.29","Non-cancer illness code, self-reported | Array 1 high cholesterol","Non-cancer illness code, self-reported | Array 1 high cholesterol",0,0,0.0
Cholesterol in Large HDL,0.00039,0.0,-0.031,-0.029,1,0.0636,Cholesterol in Large HDL,1.21,8276,10.96,-2.80 <= Cholesterol in Large HDL < -0.90,Cholesterol in Large HDL,Cholesterol in Large HDL,0,0,0.0
Mental health conditions ever diagnosed by a professional depression,0.00038,0.0,-0.015,-0.015,1,0.00135,Mental health conditions ever diagnosed by a professional__depression,1.01,87118,96.13,Mental health conditions ever diagnosed by a professional__depression < 0.08,Mental health conditions ever diagnosed by a professional depression,Mental health conditions ever diagnosed by a professional depression,0,0,0.0
"Non-cancer illness code, self-reported | Array 1 hypothyroidism",0.00038,0.12476,-0.005,-0.005,1,1e-05,"Non-cancer illness code, self-reported | Array 1__hypothyroidism",1.0,90531,99.01,"Non-cancer illness code, self-reported | Array 1__hypothyroidism < 0.29","Non-cancer illness code, self-reported | Array 1 hypothyroidism","Non-cancer illness code, self-reported | Array 1 hypothyroidism",0,0,0.0
"M19.97 - Arthrosis, unspecified (Ankle and foot)",0.00038,0.10544,0.002,0.002,1,0.00013,"M19.97 - Arthrosis, unspecified (Ankle and foot)",1.0,91367,99.76,"-6.50 <= M19.97 - Arthrosis, unspecified (Ankle and foot) < 13.00","M19.97 - Arthrosis, unspecified (Ankle and foot)","M19.97 - Arthrosis, unspecified (Ankle and foot)",0,0,0.0
Job code at visit teaching professionals,0.00038,0.0,-0.022,-0.022,1,0.00029,Job code at visit__teaching professionals,1.01,87979,97.33,Job code at visit__teaching professionals < 0.12,Job code at visit teaching professionals,Job code at visit teaching professionals,0,0,0.0
Treatment/medication code | Array 0 2mg,0.00037,0.04048,0.007,0.007,1,4e-05,Treatment/medication code | Array 0__2mg,1.0,91420,99.71,Treatment/medication code | Array 0__2mg < 0.46,Treatment/medication code | Array 0 2mg,Treatment/medication code | Array 0 2mg,0,0,0.0
Chronic ulcer of skin,0.00037,0.12267,0.009,0.009,1,0.00021,Chronic ulcer of skin,1.0,90946,99.02,-3.30 <= Chronic ulcer of skin < 1.10,Chronic ulcer of skin,Chronic ulcer of skin,0,0,0.0
Job code at visit vocational,0.00036,0.04211,-0.006,-0.006,1,3e-05,Job code at visit__vocational,1.0,91258,99.75,Job code at visit__vocational < 0.19,Job code at visit vocational,Job code at visit vocational,0,0,0.0
Major dietary changes in the last 5 years_Prefer not to answer,0.00036,0.01298,0.008,0.008,1,3e-05,Major dietary changes in the last 5 years_Prefer not to answer,1.0,91330,99.59,Major dietary changes in the last 5 years_Prefer not to answer < 0.50,Major dietary changes in the last 5 years_Prefer not to answer,Major dietary changes in the last 5 years_Prefer not to answer,0,0,0.0
"Non-cancer illness code, self-reported | Array 3 chronic",0.00035,0.16758,0.006,0.006,1,4e-05,"Non-cancer illness code, self-reported | Array 3__chronic",1.0,91265,99.54,"Non-cancer illness code, self-reported | Array 3__chronic < 0.14","Non-cancer illness code, self-reported | Array 3 chronic","Non-cancer illness code, self-reported | Array 3 chronic",0,0,0.0
Job code at visit education,0.00034,0.0,-0.019,-0.019,1,0.00024,Job code at visit__education,1.01,88208,97.4,Job code at visit__education < 0.12,Job code at visit education,Job code at visit education,0,0,0.0
"Non-cancer illness code, self-reported | Array 2 pulmonary",0.00034,0.0,0.032,0.032,1,0.00044,"Non-cancer illness code, self-reported | Array 2__pulmonary",0.99,91295,99.14,"Non-cancer illness code, self-reported | Array 2__pulmonary < 0.22","Non-cancer illness code, self-reported | Array 2 pulmonary","Non-cancer illness code, self-reported | Array 2 pulmonary",0,0,0.0
Job code at visit nurses,0.00033,5e-05,-0.014,-0.014,1,0.00014,Job code at visit__nurses,1.0,90893,99.61,Job code at visit__nurses < 0.25,Job code at visit nurses,Job code at visit nurses,0,0,0.0
"Z13.9 - Special screening examination, unspecified",0.00033,0.09889,-0.002,-0.002,1,0.0002,"Z13.9 - Special screening examination, unspecified",1.0,91232,99.5,"Z13.9 - Special screening examination, unspecified >= -0.92","Z13.9 - Special screening examination, unspecified","Z13.9 - Special screening examination, unspecified",0,0,0.0
Other disorders of male genital organs,0.00033,0.19917,-0.004,-0.004,1,0.00012,Other disorders of male genital organs,1.0,90778,99.04,-0.17 <= Other disorders of male genital organs < 8.00,Other disorders of male genital organs,Other disorders of male genital organs,0,0,0.0
Age angina diagnosed_infrequent_,0.00032,0.0,0.021,0.021,1,0.00016,Age angina diagnosed_infrequent_,1.0,91445,99.6,Age angina diagnosed_infrequent_ < 0.50,Age angina diagnosed_infrequent_,Age angina diagnosed_infrequent_,0,0,0.0
"Non-cancer illness code, self-reported | Array 2 uterine polyps",0.00032,0.0989,0.005,0.005,1,1e-05,"Non-cancer illness code, self-reported | Array 2__uterine polyps",1.0,91558,99.93,"Non-cancer illness code, self-reported | Array 2__uterine polyps < 0.34","Non-cancer illness code, self-reported | Array 2 uterine polyps","Non-cancer illness code, self-reported | Array 2 uterine polyps",0,0,0.0
Alcohol intake frequency._Never,0.00032,0.0176,-0.008,-0.008,1,3e-05,Alcohol intake frequency._Never,1.01,84338,92.72,Alcohol intake frequency._Never < 0.50,Alcohol intake frequency._Never,Alcohol intake frequency._Never,0,0,0.0
Job code at visit distribution,0.00031,0.08314,0.006,0.006,1,2e-05,Job code at visit__distribution,1.0,91227,99.5,Job code at visit__distribution < 0.23,Job code at visit distribution,Job code at visit distribution,0,0,0.0
Age high blood pressure diagnosed_56,0.00031,0.00196,0.01,0.01,1,5e-05,Age high blood pressure diagnosed_56,1.26,1218,1.68,Age high blood pressure diagnosed_56 >= 0.50,Age high blood pressure diagnosed_56,Age high blood pressure diagnosed_56,0,0,0.0
Age high blood pressure diagnosed_30,0.00031,0.0,0.017,0.017,1,0.00012,Age high blood pressure diagnosed_30,1.0,91276,99.36,Age high blood pressure diagnosed_30 < 0.50,Age high blood pressure diagnosed_30,Age high blood pressure diagnosed_30,0,0,0.0
"Non-cancer illness code, self-reported | Array 1 angina",0.0003,0.0,0.038,0.038,1,0.00061,"Non-cancer illness code, self-reported | Array 1__angina",1.74,2130,4.04,"Non-cancer illness code, self-reported | Array 1__angina >= 0.50","Non-cancer illness code, self-reported | Array 1 angina","Non-cancer illness code, self-reported | Array 1 angina",0,0,0.0
Treatment/medication code | Array 0 garlic,0.0003,0.14692,-0.005,-0.005,1,1e-05,Treatment/medication code | Array 0__garlic,1.0,91412,99.87,Treatment/medication code | Array 0__garlic < 0.32,Treatment/medication code | Array 0 garlic,Treatment/medication code | Array 0 garlic,0,0,0.0
Calculus of bile duct,0.0003,0.12272,0.004,0.004,1,0.00011,Calculus of bile duct,1.0,91266,99.62,-16.00 <= Calculus of bile duct < 6.80,Calculus of bile duct,Calculus of bile duct,0,0,0.0
Pulmonary heart disease,0.0003,0.0125,-0.007,-0.007,1,0.00013,Pulmonary heart disease,1.0,90244,98.56,-0.40 <= Pulmonary heart disease < 2.90,Pulmonary heart disease,Pulmonary heart disease,0,0,0.0
Age high blood pressure diagnosed_34,0.00028,4e-05,0.014,0.014,1,7e-05,Age high blood pressure diagnosed_34,1.0,91486,99.75,Age high blood pressure diagnosed_34 < 0.50,Age high blood pressure diagnosed_34,Age high blood pressure diagnosed_34,0,0,0.0
